{
    "avg_latency": 1.5423916868000258,
    "latencies": [
        1.5440023769997424,
        1.5443180019992724,
        1.5445205070000156,
        1.5419452429996454,
        1.5411479539998254,
        1.5421491429997332,
        1.5415314120000403,
        1.5428816980002011,
        1.5418718770006308,
        1.5416894380005033,
        1.5417148480000833,
        1.5412247710000884,
        1.542797621000318,
        1.542090011000255,
        1.5419904000000315
    ],
    "percentiles": {
        "10": 1.5413474274000691,
        "25": 1.5417021430002933,
        "50": 1.5419904000000315,
        "75": 1.5428396595002596,
        "90": 1.5441917519994603,
        "99": 1.5444921562999117
    }
}