{
    "avg_latency": 0.8415303283999795,
    "latencies": [
        0.8383130000001984,
        0.8378664120000394,
        0.8382360959994912,
        0.8353629459998047,
        0.8355784269997457,
        0.8357763090007211,
        0.8354132390004452,
        0.8353978019995338,
        0.8353322720004144,
        0.8351951519998693,
        0.9204514010007188,
        0.8350123049995091,
        0.8348993379995591,
        0.8355603139998493,
        0.8345599129997936
    ],
    "percentiles": {
        "10": 0.8349445247995391,
        "25": 0.8352637120001418,
        "50": 0.8354132390004452,
        "75": 0.8368213605003803,
        "90": 0.8382822383999156,
        "99": 0.9089520248606459
    }
}