{
    "avg_latency": 28.45640620079994,
    "latencies": [
        28.456689111999367,
        28.455909498999972,
        28.45504914399953,
        28.45759915399958,
        28.454497321999952,
        28.467257541000436,
        28.467606858999716,
        28.454994506999356,
        28.45614962899981,
        28.45641313000033,
        28.459553526999116,
        28.453597102000458,
        28.450570470999992,
        28.449865904000035,
        28.450340111001424
    ],
    "percentiles": {
        "10": 28.45043225500085,
        "25": 28.454047212000205,
        "50": 28.455909498999972,
        "75": 28.457144132999474,
        "90": 28.464175935399908,
        "99": 28.467557954479815
    }
}