{
    "avg_latency": 2.3498381820666814,
    "latencies": [
        2.351566097000614,
        2.3513318750001417,
        2.3543173670004762,
        2.349187599999823,
        2.34875739600011,
        2.3493744770003104,
        2.3481346150001627,
        2.348945781999646,
        2.3493020229998365,
        2.351931235999473,
        2.3508099880000373,
        2.3497772019991316,
        2.347929531000773,
        2.3487276229998315,
        2.347479918999852
    ],
    "percentiles": {
        "10": 2.3480115646005286,
        "25": 2.3487425094999708,
        "50": 2.3493020229998365,
        "75": 2.3510709315000895,
        "90": 2.3517851803999292,
        "99": 2.353983308660336
    }
}