{
    "avg_latency": 28.639025032266726,
    "latencies": [
        28.648674312000367,
        28.636690490000547,
        28.643635114000062,
        28.63718623999921,
        28.631050336000044,
        28.626861623999503,
        28.62880435199986,
        28.631507751000754,
        28.629949854999722,
        28.640446904000783,
        28.654530628999055,
        28.644519416999174,
        28.641017957001168,
        28.643220231999294,
        28.647280271001364
    ],
    "percentiles": {
        "10": 28.629262553199805,
        "25": 28.6312790435004,
        "50": 28.640446904000783,
        "75": 28.644077265499618,
        "90": 28.648116695600766,
        "99": 28.65371074461924
    }
}