{
    "avg_latency": 2.433644244600267,
    "latencies": [
        2.4364572649992624,
        2.436974450998605,
        2.4374835180005903,
        2.4325070079994475,
        2.433039726000061,
        2.432872163999491,
        2.432339809000041,
        2.4333318780008995,
        2.433745723001266,
        2.4325407720007206,
        2.4325572850011667,
        2.432722243000171,
        2.4332827880007244,
        2.431802338000125,
        2.433006701001432
    ],
    "percentiles": {
        "10": 2.4324066885998037,
        "25": 2.4325490285009437,
        "50": 2.433006701001432,
        "75": 2.4335388005010827,
        "90": 2.436767576598868,
        "99": 2.4374122486203125
    }
}