{
    "avg_latency": 1.6057205620003514,
    "latencies": [
        1.6083797579995007,
        1.6086938200005534,
        1.60828894199949,
        1.6052700000000186,
        1.6047139399997832,
        1.605485090000002,
        1.6047197640000377,
        1.6047918180011038,
        1.604740959000992,
        1.6049982410004304,
        1.6049882280003658,
        1.6047512760014797,
        1.6049501360012073,
        1.6057773379998252,
        1.6052591200004827
    ],
    "percentiles": {
        "10": 1.6047282420004194,
        "25": 1.6047715470012918,
        "50": 1.6049982410004304,
        "75": 1.6056312139999136,
        "90": 1.6083434315994964,
        "99": 1.608649851320406
    }
}