{
    "avg_latency": 0.9104033824667568,
    "latencies": [
        0.9067332989998249,
        0.906307294000726,
        0.9074040840005182,
        0.9023492270007409,
        0.9023995359984838,
        0.9021700989997044,
        0.9026317170009861,
        0.9027419630001532,
        0.9031087620005565,
        0.9023278470012883,
        1.0059582390003925,
        0.9036229430003004,
        0.9029084379999404,
        0.9026841469985811,
        0.9027031419991545
    ],
    "percentiles": {
        "10": 0.9023363990010693,
        "25": 0.9025156264997349,
        "50": 0.9027419630001532,
        "75": 0.9049651185005132,
        "90": 0.9071357700002409,
        "99": 0.99216065730041
    }
}