{
    "avg_latency": 1.544626435933363,
    "latencies": [
        1.54781875900062,
        1.5468511609997222,
        1.548100574000273,
        1.5454274909998276,
        1.5444242949997715,
        1.5441438469997593,
        1.5439604030007104,
        1.5435743150001144,
        1.54354428500028,
        1.5445302990001437,
        1.5435057939994294,
        1.5433458249999603,
        1.543271645000459,
        1.543149545000233,
        1.543748300999141
    ],
    "percentiles": {
        "10": 1.5433013170002596,
        "25": 1.5435250394998548,
        "50": 1.5439604030007104,
        "75": 1.5449788949999856,
        "90": 1.547431719800261,
        "99": 1.5480611199003216
    }
}