{
    "avg_latency": 28.48381893466673,
    "latencies": [
        28.477641290000065,
        28.480872710999392,
        28.488749554000606,
        28.476035086000593,
        28.480286529000296,
        28.4924461290002,
        28.48689301000013,
        28.48974605800049,
        28.483687549000024,
        28.48622463999982,
        28.481608813000094,
        28.481700295998962,
        28.48314112099979,
        28.48896378400059,
        28.4792874499999
    ],
    "percentiles": {
        "10": 28.478299754,
        "25": 28.480579619999844,
        "50": 28.48314112099979,
        "75": 28.48782128200037,
        "90": 28.48943314840053,
        "99": 28.492068119060242
    }
}