{
    "avg_latency": 0.8441867786666383,
    "latencies": [
        0.8401336220003941,
        0.841013367999949,
        0.8399589679993369,
        0.8376145859992903,
        0.8375510630003191,
        0.8373692499999379,
        0.8375203549994694,
        0.8377254470005937,
        0.8375511180001922,
        0.8376018730004944,
        0.9257463399999324,
        0.8393050459999358,
        0.8381487350006864,
        0.8379032139991978,
        0.8376586949998455
    ],
    "percentiles": {
        "10": 0.8375326381998093,
        "25": 0.8375764955003433,
        "50": 0.8377254470005937,
        "75": 0.8396320069996364,
        "90": 0.840661469600127,
        "99": 0.9138837239199347
    }
}