{
    "avg_latency": 2.3501715415998965,
    "latencies": [
        2.353653464000672,
        2.3521671239996067,
        2.351660687999356,
        2.3501671519998126,
        2.351528629999848,
        2.349779387000126,
        2.350303241999427,
        2.3497820200000206,
        2.3501612139998542,
        2.3505468789999213,
        2.348828295000203,
        2.349037371999657,
        2.348517149000145,
        2.347709245999795,
        2.348731262000001
    ],
    "percentiles": {
        "10": 2.3486027942000876,
        "25": 2.34893283349993,
        "50": 2.3501612139998542,
        "75": 2.3510377544998846,
        "90": 2.3519645495995065,
        "99": 2.353445376400523
    }
}