{
    "avg_latency": 1.6252587303999462,
    "latencies": [
        1.6280338559990923,
        1.6268650599995453,
        1.6281656549999752,
        1.6251491300008638,
        1.624411010001495,
        1.6279143760002626,
        1.6233336739987863,
        1.6245599900012166,
        1.6232012220007164,
        1.624885462999373,
        1.6218730579985277,
        1.6226133569998638,
        1.6245802579996962,
        1.6255534590000025,
        1.6277413879997766
    ],
    "percentiles": {
        "10": 1.622848503000205,
        "25": 1.6238723420001406,
        "50": 1.624885462999373,
        "75": 1.627303223999661,
        "90": 1.6279860639995605,
        "99": 1.6281472031398516
    }
}