{
    "avg_latency": 2.4148746706665407,
    "latencies": [
        2.41753703699942,
        2.416763657000047,
        2.41871526399882,
        2.4133573149993026,
        2.4147547989996383,
        2.4148485519999667,
        2.414360808999845,
        2.414902702999825,
        2.4145072150004125,
        2.414187395999761,
        2.413897995998923,
        2.4145969090004655,
        2.4130125770007,
        2.413585315000091,
        2.414092516000892
    ],
    "percentiles": {
        "10": 2.413448514999618,
        "25": 2.4139952559999074,
        "50": 2.4145072150004125,
        "75": 2.414875627499896,
        "90": 2.417227684999671,
        "99": 2.418550312218904
    }
}