{
    "avg_latency": 0.9212177123331154,
    "latencies": [
        0.9193073269998422,
        0.9182764979996136,
        0.9192622650007252,
        0.9133546049997676,
        0.9147508799997013,
        0.9141774489999079,
        0.9132564459996502,
        1.021046285999546,
        0.9154259249989991,
        0.9134660290001193,
        0.9113511839987041,
        0.9115927959992405,
        0.9107139699990512,
        0.9115193600009661,
        0.9107646650008974
    ],
    "percentiles": {
        "10": 0.91099927260002,
        "25": 0.9115560780001033,
        "50": 0.9134660290001193,
        "75": 0.9168512114993064,
        "90": 0.9192893022001953,
        "99": 1.0068028317395874
    }
}