{
    "avg_latency": 28.675915970999753,
    "latencies": [
        28.68570152400025,
        28.682168407000063,
        28.682682901999215,
        28.685387875000742,
        28.68756387599933,
        28.682010612999875,
        28.673380087000623,
        28.66386300100021,
        28.66546508799911,
        28.659838944999137,
        28.676394058998994,
        28.670792568000252,
        28.66496943399943,
        28.675988045999475,
        28.682533139999578
    ],
    "percentiles": {
        "10": 28.664305574199897,
        "25": 28.66812882799968,
        "50": 28.676394058998994,
        "75": 28.682608020999396,
        "90": 28.685576064400447,
        "99": 28.687303146719458
    }
}