{
    "elapsed_time": 83.73205920699911,
    "num_requests": 1000,
    "total_num_tokens": 440496,
    "requests_per_second": 11.942856887441872,
    "tokens_per_second": 5260.7806874905955
}